"","displayName","position","tot_tackles","tot_tackles_forloss","tot_ffumbles","tot_missed_tackles","tot_prevents","tot_assists","tot_ips","Height","Weight","player_rating"
"1","A'Shawn Robinson","DT",16,1,0,3,0,18,0,76,330,24
"2","A.J. Epenesa","DE",1,0,0,5,0,1,0,77,280,-3.5
"3","A.J. Klein","OLB",3,1,0,2,0,1,0,73,240,3.5
"4","A.J. Parker","CB",10,0,0,0,1,2,0,71,178,13
"5","A.J. Terrell","CB",19,0,0,8,1,9,0,74,190,17.5
"6","Aaron Donald","DT",13,4,0,1,3,16,0,73,280,34
"7","Aaron Robinson","CB",5,0,0,0,0,0,0,72,193,5
"8","Abdullah Anderson","DE",6,1,0,3,0,4,0,75,295,7
"9","Adam Gotsis","DE",4,1,0,2,1,4,1,76,287,13
"10","Adetokunbo Ogundeji","OLB",6,0,0,7,1,10,0,76,268,6
"11","Adoree' Jackson","CB",33,2,1,7,2,8,0,71,185,43
"12","Adrian Amos","FS",29,3,0,5,0,12,0,72,214,36
"13","Adrian Phillips","SS",23,2,0,3,5,17,1,71,210,47.5
"14","Ahkello Witherspoon","CB",18,0,0,2,0,3,0,74,195,17.5
"15","Ahmad Gardner","CB",31,3,0,4,1,13,1,75,200,46.5
"16","Aidan Hutchinson","DE",6,0,0,3,0,7,0,78,265,6.5
"17","Akayleb Evans","CB",7,2,0,1,0,2,0,74,193,11
"18","Akeem Davis-Gaither","OLB",21,2,0,0,3,10,0,74,215,36
"19","Akeem Spence","DT",3,0,0,2,0,3,0,73,307,2.5
"20","Akiem Hicks","DT",2,0,0,0,0,3,0,76,352,3.5
"21","Al Woods","NT",13,3,0,1,0,9,0,76,330,22.5
"22","Al-Quadin Muhammad","DE",7,0,1,4,0,11,0,76,250,13.5
"23","Alex Anzalone","ILB",37,2,0,4,2,24,0,75,240,53
"24","Alex Highsmith","OLB",13,3,0,2,0,10,0,76,242,22
"25","Alex Singleton","OLB",38,4,0,8,1,24,0,74,242,52
"26","Alex Wright","DE",11,1,0,2,0,3,0,79,270,12.5
"27","Alim McNeill","NT",5,2,0,4,1,6,1,74,315,15
"28","Alohi Gilman","SS",9,0,0,2,0,5,0,71,202,9.5
"29","Alontae Taylor","CB",10,0,0,6,1,2,0,72,195,7
"30","Amani Hooker","FS",19,1,1,2,2,3,0,71,210,29.5
"31","Amani Oruwariye","CB",25,1,0,7,0,6,0,74,203,23
"32","Amare Barno","OLB",2,0,0,0,0,0,0,78,245,2
"33","Ambry Thomas","CB",3,0,0,0,0,0,0,72,182,3
"34","Amik Robertson","CB",10,0,0,7,2,3,0,69,183,8.5
"35","Andre Cisco","SS",32,0,0,6,0,14,0,72,203,33
"36","Andrew Adams","SS",20,0,0,3,1,7,0,71,202,22.5
"37","Andrew Billings","DT",6,1,0,4,0,12,0,73,328,10
"38","Andrew Van Ginkel","OLB",9,0,0,3,2,5,0,76,242,12.5
"39","Andrew Wingard","FS",1,0,0,0,0,0,0,72,209,1
"40","Anfernee Jennings","OLB",6,0,0,1,0,7,0,75,259,8.5
"41","Angelo Blackson","DT",7,1,0,3,0,8,0,76,318,10
"42","Anthony Averett","CB",12,0,0,2,0,1,0,71,178,10.5
"43","Anthony Barr","OLB",18,1,0,3,1,13,0,77,255,25.5
"44","Anthony Brown","CB",25,1,1,9,2,9,0,71,196,31.5
"45","Anthony Nelson","OLB",3,0,0,2,1,8,0,79,272,7
"46","Anthony Rush","DT",3,0,0,0,1,4,0,77,350,7
"47","Anthony Walker","MLB",7,4,0,2,1,7,0,73,230,18.5
"48","Antoine Winfield","FS",33,3,0,1,2,4,0,69,205,44
"49","Antonio Hamilton","CB",10,0,0,3,1,1,0,72,190,9.5
"50","Antwaun Woods","DT",2,1,0,0,0,0,0,73,318,4
"51","Arden Key","OLB",5,1,0,1,1,2,0,77,240,9
"52","Arik Armstead","DT",3,1,0,0,0,1,0,79,292,5.5
"53","Armon Watts","NT",12,1,0,2,2,10,0,77,295,21
"54","Arnold Ebiketie","OLB",12,0,1,2,0,6,0,75,256,18
"55","Arron Mosby","OLB",1,0,0,0,0,0,0,75,230,1
"56","Arthur Maulet","CB",17,1,0,7,4,10,0,70,190,25
"57","Asante Samuel","CB",25,1,0,4,3,3,0,70,180,30.5
"58","Austin Bryant","OLB",4,0,0,2,0,1,0,78,261,2.5
"59","Austin Calitro","ILB",3,1,0,0,1,5,1,72,240,14.5
"60","Austin Johnson","NT",14,2,0,4,0,6,0,76,314,17
"61","Avonte Maddox","CB",15,1,0,7,3,10,0,69,184,21
"62","Azeez Al-Shaair","ILB",4,0,0,2,1,6,0,74,228,7
"63","Azeez Ojulari","OLB",1,0,0,1,0,1,0,74,250,0.5
"64","B.J. Hill","DT",14,1,0,1,0,19,0,75,311,24.5
"65","Baron Browning","ILB",6,3,0,0,1,4,0,75,240,16
"66","Baylon Spector","OLB",3,0,0,1,0,0,0,74,235,2
"67","Ben Banogu","DE",1,0,0,1,0,1,0,75,252,0.5
"68","Ben Niemann","ILB",14,1,0,1,0,8,0,74,233,19
"69","Ben Stille","DT",0,0,0,0,0,2,0,76,293,1
"70","Benito Jones","DT",2,0,0,1,0,2,0,73,329,2
"71","Benjamin St-Juste","CB",24,0,0,5,3,6,0,75,205,28
"72","Bilal Nichols","DT",5,1,0,3,2,11,0,75,313,13.5
"73","Blake Cashman","ILB",2,2,0,0,1,1,1,73,235,13.5
"74","Blake Martinez","ILB",14,0,0,2,1,6,0,74,237,17
"75","Bobby McCain","FS",28,2,0,7,2,14,0,71,192,36
"76","Bobby Okereke","ILB",48,4,1,4,5,23,0,73,234,78.5
"77","Bobby Price","FS",2,0,0,0,0,1,0,76,205,2.5
"78","Bobby Wagner","ILB",40,1,0,1,6,23,0,72,242,64.5
"79","Boye Mafe","OLB",16,1,0,1,1,5,0,76,265,21.5
"80","Bradley Chubb","OLB",11,0,0,6,3,11,0,76,275,16.5
"81","Bradley Roby","CB",16,1,0,7,3,3,1,71,194,23.5
"82","Brandin Bryant","DT",1,0,0,0,0,2,0,75,294,2
"83","Brandin Echols","CB",2,0,0,0,0,1,0,71,178,2.5
"84","Brandon Copeland","OLB",1,0,0,0,1,3,0,75,263,4.5
"85","Brandon Facyson","CB",9,0,0,1,1,1,0,74,197,10.5
"86","Brandon Graham","DE",6,3,0,1,0,6,0,74,265,14
"87","Brandon Jones","SS",24,0,0,6,0,23,0,72,205,29.5
"88","Brandon Smith","ILB",0,0,0,1,0,0,0,75,241,-1
"89","Brandon Stephens","FS",12,0,0,2,1,3,0,72,206,13.5
"90","Bravvion Roy","DT",1,0,0,0,0,5,0,73,333,3.5
"91","Brent Urban","DE",3,0,0,2,0,6,0,79,300,4
"92","Brian Asamoah","ILB",1,0,0,0,0,0,0,73,230,1
"93","Brian Burns","OLB",16,3,0,7,1,15,1,77,250,29.5
"94","Broderick Washington","DT",12,1,0,3,0,9,0,75,305,15.5
"95","Bruce Irvin","OLB",3,1,0,1,0,2,0,75,250,5
"96","Bryan Cook","SS",6,0,0,2,1,6,0,73,210,9
"97","Bryan Mone","NT",10,1,0,2,0,6,0,75,366,13
"98","Bryce Callahan","CB",16,2,0,4,0,6,0,69,188,19
"99","Bryce Huff","DE",1,0,0,0,1,0,0,75,255,3
"100","Bud Dupree","OLB",2,0,0,0,0,3,0,76,269,3.5
"101","Budda Baker","SS",44,2,1,11,1,26,0,70,195,57
"102","Byron Cowart","DT",2,1,0,0,0,3,0,75,300,5.5
"103","Byron Murphy","CB",29,3,0,3,2,6,0,71,190,39
"104","C.J. Brewer","DT",2,0,0,0,0,0,0,74,280,2
"105","C.J. Henderson","CB",27,1,0,3,3,5,0,73,191,34.5
"106","C.J. Moore","FS",0,0,0,0,0,1,0,71,195,0.5
"107","C.J. Mosley","ILB",55,3,0,8,4,32,0,74,250,77
"108","Caden Sterns","FS",14,0,0,5,0,7,0,73,205,12.5
"109","Calais Campbell","DE",8,1,0,4,0,10,0,80,300,11
"110","Caleb Farley","CB",9,0,0,3,0,1,0,74,207,6.5
"111","Cam Sample","DE",5,1,0,1,0,2,0,75,280,7
"112","Cam Taylor-Britt","CB",9,0,0,1,0,1,0,72,205,8.5
"113","Cameron Dantzler","CB",39,2,1,3,2,4,0,74,185,51
"114","Cameron Heyward","DT",17,2,1,1,4,13,1,77,295,44.5
"115","Cameron Jordan","DE",18,4,0,6,1,13,1,76,287,33.5
"116","Cameron Lewis","CB",2,0,0,0,0,0,0,69,185,2
"117","Cameron Sutton","CB",19,1,0,4,1,1,0,71,188,19.5
"118","Cameron Thomas","OLB",2,0,0,0,0,7,0,77,270,5.5
"119","Camryn Bynum","FS",21,0,0,2,0,13,0,73,195,25.5
"120","Carl Davis","NT",2,0,0,2,0,3,0,77,320,1.5
"121","Carl Granderson","DE",9,2,0,0,3,6,2,77,261,32
"122","Carl Lawson","DE",3,2,0,4,0,7,0,74,265,6.5
"123","Carl Nassib","OLB",6,0,0,2,0,6,0,79,275,7
"124","Carlos Basham","DE",3,0,0,1,0,4,0,76,273,4
"125","Carlos Dunlap","OLB",8,1,0,1,0,5,0,78,285,11.5
"126","Carlos Watkins","DE",2,0,0,1,0,4,0,75,297,3
"127","Carlton Davis","CB",30,2,1,4,2,6,0,73,206,42
"128","Casey Hayward","CB",13,0,0,5,0,3,0,71,192,9.5
"129","Casey Toohill","DE",3,0,0,2,0,8,0,76,247,5
"130","Chad Muma","ILB",0,0,0,1,0,1,0,75,242,-0.5
"131","Chandler Jones","DE",11,1,0,5,0,5,0,77,265,10.5
"132","Chandon Sullivan","CB",19,1,0,3,1,8,0,71,189,24
"133","Channing Tindall","ILB",0,0,0,2,0,2,0,74,230,-1
"134","Charles Harris","OLB",8,2,0,0,0,4,0,75,250,14
"135","Charles Omenihu","DE",2,0,0,1,1,6,0,77,280,6
"136","Charvarius Ward","CB",25,1,1,0,2,9,0,73,195,40.5
"137","Chase Lucas","CB",1,0,0,0,0,0,0,72,176,1
"138","Chauncey Gardner-Johnson","SS",36,2,0,10,3,5,0,71,208,38.5
"139","Chauncey Golston","DE",3,0,0,1,0,2,0,77,270,3
"140","Chidobe Awuzie","CB",30,0,1,5,2,6,0,72,202,37
"141","Chris Banjo","FS",1,0,0,0,0,0,0,70,207,1
"142","Chris Board","ILB",6,0,1,2,1,0,0,74,230,11
"143","Chris Harris","CB",16,0,1,0,1,1,0,70,199,23.5
"144","Chris Jackson","CB",1,0,0,0,0,0,0,72,186,1
"145","Chris Jones","DT",6,3,1,1,1,4,1,78,308,25
"146","Chris Lammons","CB",2,0,0,0,0,1,0,70,190,2.5
"147","Chris Rumph","OLB",2,0,0,2,0,3,0,76,235,1.5
"148","Chris Wormley","DE",9,3,0,1,2,9,1,77,300,27.5
"149","Christian Barmore","DT",7,0,0,0,1,5,0,77,310,11.5
"150","Christian Benford","CB",7,1,0,2,2,3,0,73,205,12.5
"151","Christian Covington","NT",2,1,0,1,1,5,1,74,305,12.5
"152","Christian Harris","ILB",11,1,1,6,3,2,0,74,232,19
"153","Christian Holmes","CB",1,0,0,0,0,0,0,72,201,1
"154","Christian Jones","ILB",1,0,0,1,1,1,0,75,250,2.5
"155","Christian Kirksey","OLB",34,3,0,6,5,20,1,74,235,59
"156","Christian Matthew","CB",0,0,0,0,0,2,0,76,200,1
"157","Christian Ringo","DT",0,0,0,1,0,1,0,73,298,-0.5
"158","Christian Wilkins","DT",23,7,0,2,0,17,0,76,315,43.5
"159","Chuck Clark","SS",37,0,1,6,3,17,0,72,205,50.5
"160","Clayton Fejedelem","SS",3,0,0,0,0,1,0,72,205,3.5
"161","Clelin Ferrell","DE",2,0,0,0,0,6,0,76,265,5
"162","Cobie Durant","CB",0,0,0,1,0,1,0,71,175,-0.5
"163","Coby Bryant","CB",29,2,4,8,2,8,0,73,198,53
"164","Cody Barton","MLB",34,1,0,3,1,22,0,74,237,46
"165","Cole Holcomb","ILB",38,1,0,4,4,32,0,73,240,60
"166","Cordale Flott","CB",4,0,0,3,1,1,0,74,170,3.5
"167","Corey Peters","DT",2,0,0,0,0,4,0,75,335,4
"168","Cornell Armstrong","CB",15,0,0,1,0,6,0,72,185,17
"169","Cory Littleton","OLB",14,0,0,4,0,12,0,75,228,16
"170","D.J. Davidson","DT",2,0,0,1,0,2,0,77,325,2
"171","D.J. Jones","DT",14,1,0,3,2,7,0,72,321,20.5
"172","D.J. Reader","NT",7,0,0,0,0,2,0,75,347,8
"173","D.J. Reed","CB",34,0,1,5,3,6,0,69,188,43
"174","D.J. Wonnum","OLB",11,1,0,2,0,2,0,77,260,12
"175","DaQuan Jones","DT",8,0,0,2,0,8,0,76,322,10
"176","Dalvin Tomlinson","DT",4,0,0,4,0,12,0,75,318,6
"177","Damar Hamlin","SS",38,2,0,6,3,12,0,73,195,48
"178","Damarion Williams","CB",12,1,0,3,3,8,0,69,180,21
"179","Damarri Mathis","CB",24,1,0,7,4,3,1,71,195,33.5
"180","Damien Wilson","MLB",16,2,1,4,1,10,1,72,243,33
"181","Damone Clark","ILB",0,0,0,0,0,4,0,75,239,2
"182","Dane Belton","FS",12,1,0,2,0,4,0,73,205,14
"183","Dane Jackson","CB",23,0,0,7,1,5,0,71,185,20.5
"184","Daniel Ekuale","DT",4,0,0,1,0,1,0,75,300,3.5
"185","Daniel Wise","DE",0,0,0,0,0,2,0,75,279,1
"186","Danielle Hunter","OLB",20,4,0,6,1,9,0,77,252,28.5
"187","Danny Johnson","CB",2,0,0,0,0,2,0,69,190,3
"188","Dante Fowler","OLB",8,2,0,2,1,2,0,75,255,13
"189","Darious Williams","CB",14,1,0,9,1,11,0,69,187,14.5
"190","Darius Harris","ILB",19,2,0,2,1,11,1,74,238,33.5
"191","Darius Slay","CB",16,0,0,4,1,8,0,72,190,18
"192","Darnay Holmes","CB",10,0,1,2,1,6,0,70,198,18
"193","Darnell Savage","SS",23,1,0,9,1,7,0,71,200,21.5
"194","Daron Bland","CB",5,0,0,3,1,2,0,71,206,5
"195","Daron Payne","DT",10,5,0,4,3,20,0,75,320,32
"196","Darrell Taylor","OLB",9,3,0,3,0,0,0,75,253,12
"197","Darren Hall","CB",11,0,1,1,0,5,0,72,190,17.5
"198","Darrick Forrest","SS",26,2,2,2,1,10,0,72,200,45
"199","Darryl Johnson","OLB",1,1,0,0,0,2,0,78,253,4
"200","David Long","CB",10,0,0,4,1,3,0,71,196,9.5
"201","David Long","ILB",35,2,0,9,4,26,0,71,224,51
"202","David Mayo","MLB",1,0,0,0,0,1,0,74,245,1.5
"203","David Onyemata","DT",8,0,0,4,1,4,0,76,300,8
"204","Daviyon Nixon","DT",1,0,0,0,0,3,0,75,305,2.5
"205","Davon Godchaux","NT",12,0,0,2,1,18,0,75,311,21
"206","Davon Hamilton","DT",16,3,0,3,1,15,0,76,310,28.5
"207","Dawuane Smoot","DE",3,0,0,3,0,2,0,75,264,1
"208","Dax Hill","FS",2,0,0,0,1,0,0,72,192,4
"209","Dayo Odeyingbo","DE",4,1,0,2,0,4,0,78,280,6
"210","De'Shaan Dixon","OLB",0,0,0,0,0,1,0,76,250,0.5
"211","De'Vondre Campbell","ILB",37,6,0,9,3,26,1,76,232,64
"212","DeAngelo Malone","OLB",5,1,0,0,0,1,0,76,240,7.5
"213","DeForest Buckner","DT",15,2,0,1,2,18,0,79,300,31
"214","DeMarcus Walker","DE",6,0,0,1,2,3,0,76,280,10.5
"215","DeMarvin Leal","DE",5,1,0,2,0,5,0,76,290,7.5
"216","DeShawn Williams","DT",7,1,0,1,1,5,0,73,292,12.5
"217","DeShon Elliott","FS",39,3,0,4,1,12,1,73,210,54
"218","Deadrin Senat","DT",7,1,0,3,1,5,0,73,305,10.5
"219","Dean Lowry","DE",17,1,0,1,0,10,0,78,296,23
"220","Dean Marlowe","SS",6,0,0,2,0,2,0,73,208,5
"221","Deatrich Wise","DE",15,1,0,2,0,12,0,77,275,21
"222","Dee Alford","CB",10,1,0,2,3,3,1,72,170,22.5
"223","Dee Delaney","CB",6,0,0,3,1,2,0,73,193,6
"224","Deion Jones","ILB",6,1,0,2,1,3,0,73,227,9.5
"225","Demarcus Lawrence","DE",20,2,0,5,5,11,1,75,265,39.5
"226","Demario Davis","MLB",25,3,0,6,3,18,0,74,248,40
"227","Demetrius Flannigan-Fowles","OLB",4,0,0,1,0,0,0,74,209,3
"228","Demetrius Taylor","DT",0,0,0,1,0,0,0,73,295,-1
"229","Demone Harris","DE",0,0,0,1,0,4,0,76,272,1
"230","Denico Autry","DE",4,0,0,3,0,6,0,77,285,4
"231","Dennis Gardeck","OLB",9,0,1,2,2,3,0,72,232,17.5
"232","Denzel Perryman","ILB",26,6,0,7,1,12,0,71,240,39
"233","Denzel Ward","CB",18,1,0,4,0,2,0,71,191,17
"234","Deommodore Lenoir","CB",15,1,0,5,2,10,0,71,202,21
"235","Deon Bush","SS",3,0,0,0,0,1,0,72,200,3.5
"236","Derek Stingley","CB",29,0,0,3,2,8,0,73,195,34
"237","Derion Kendrick","CB",21,0,0,3,1,4,0,72,190,22
"238","Derrek Tuszka","OLB",4,0,0,1,0,2,0,77,246,4
"239","Derrick Barnes","ILB",13,1,0,4,1,10,0,73,245,18
"240","Derrick Brown","DE",20,2,0,2,3,22,1,77,318,44
"241","Derrick Nnadi","DT",6,0,0,3,0,8,0,73,310,7
"242","Derwin James","FS",37,0,0,5,2,30,0,74,215,51
"243","Desmond King","CB",27,4,0,5,2,7,0,70,201,37.5
"244","Devin Bush","ILB",25,1,0,1,0,18,0,71,233,35
"245","Devin Lloyd","ILB",34,0,0,12,5,32,0,75,235,48
"246","Devin McCourty","FS",36,0,0,3,0,9,0,70,195,37.5
"247","Devin White","ILB",36,4,1,6,2,27,0,72,237,60.5
"248","Devon Kennard","OLB",5,1,0,1,0,2,0,75,256,7
"249","Devonte Wyatt","DT",3,0,0,0,0,3,0,75,315,4.5
"250","Dexter Lawrence","DT",12,1,1,5,2,12,0,76,342,24
"251","Dicaprio Bootle","CB",0,0,0,0,0,1,0,70,195,0.5
"252","Divine Deablo","OLB",39,1,0,7,1,34,0,75,223,53
"253","Domenique Davis","DT",0,0,0,0,0,3,0,75,315,1.5
"254","Dominique Robinson","DE",8,1,0,1,1,2,0,76,256,12
"255","Donovan Jeter","NT",1,0,0,0,0,0,0,75,325,1
"256","Donovan Wilson","SS",41,2,1,13,2,13,0,72,204,47.5
"257","Dontae Johnson","CB",0,0,0,0,0,1,0,74,200,0.5
"258","Donte Jackson","CB",28,1,0,7,3,2,0,70,180,30
"259","Dorance Armstrong","DE",5,0,0,2,0,6,0,76,255,6
"260","Drake Jackson","DE",5,0,0,1,0,3,0,76,250,5.5
"261","Dre Greenlaw","ILB",30,2,0,4,6,18,0,72,225,51
"262","Dre'Mont Jones","DE",14,4,0,4,1,11,0,75,281,25.5
"263","Drue Tranquill","ILB",43,2,0,13,3,20,0,74,234,50
"264","Duke Riley","ILB",17,3,0,2,0,11,0,73,230,26.5
"265","Duron Harmon","SS",24,0,1,6,2,12,0,73,205,33
"266","Dylan Cole","ILB",14,1,0,6,1,10,0,72,237,17
"267","E.J. Speed","OLB",18,5,0,0,3,11,2,76,230,49.5
"268","Ed Oliver","DT",4,0,0,1,0,5,0,73,287,5.5
"269","Eddie Jackson","SS",45,1,2,10,2,19,0,72,202,60.5
"270","Efe Obada","DE",4,0,0,4,0,8,0,78,265,4
"271","Elandon Roberts","ILB",25,3,0,9,1,26,1,72,238,42
"272","Elerson Smith","OLB",0,0,0,1,0,1,0,79,255,-0.5
"273","Eli Apple","CB",14,1,0,6,2,7,0,73,203,17.5
"274","Elijah Campbell","CB",1,0,0,0,0,2,0,71,193,2
"275","Elijah Lee","OLB",0,0,0,1,0,0,0,74,229,-1
"276","Elijah Riley","CB",1,0,0,0,0,0,0,72,205,1
"277","Emmanuel Moseley","CB",15,1,0,5,1,4,0,71,184,16
"278","Emmanuel Ogbah","DE",6,0,0,0,0,4,0,76,275,8
"279","Eric Johnson","DT",0,0,0,1,0,0,0,77,298,-1
"280","Eric Kendricks","ILB",41,3,0,10,6,24,0,72,232,61
"281","Eric Murray","FS",5,0,0,1,1,2,0,71,199,7
"282","Eric Rowe","SS",21,0,0,4,3,6,0,73,205,26
"283","Eric Stokes","CB",20,0,0,5,4,4,0,73,190,25
"284","Eric Wilson","OLB",1,0,0,0,0,1,0,73,230,1.5
"285","Erik Harris","FS",4,0,0,0,0,3,0,74,220,5.5
"286","Ernest Jones","ILB",30,1,1,4,4,24,0,74,230,53
"287","Essang Bassey","CB",0,0,0,1,0,1,0,70,190,-0.5
"288","Eyioma Uwazurike","DE",0,0,0,0,0,3,0,77,285,1.5
"289","Ezekiel Turner","ILB",2,1,0,0,0,1,0,74,214,4.5
"290","Fabian Moreau","CB",23,0,0,3,0,6,0,72,204,23
"291","Fletcher Cox","DT",6,1,0,1,0,10,0,76,310,12
"292","Folorunso Fatukasi","DT",9,0,0,4,0,6,0,76,318,8
"293","Foyesade Oluokun","ILB",59,5,0,11,7,26,0,74,215,85
"294","Frank Clark","DE",7,2,0,5,0,5,0,75,260,8.5
"295","Frankie Luvu","ILB",33,7,1,12,5,11,0,75,235,55.5
"296","Fred Warner","ILB",33,1,0,3,4,21,0,75,236,50.5
"297","Garret Wallow","OLB",4,1,0,2,0,4,0,74,230,6
"298","Genard Avery","DE",1,0,0,1,1,0,0,72,250,2
"299","Geno Stone","SS",21,0,1,1,1,2,0,71,210,28
"300","George Karlaftis","DE",8,1,0,5,1,8,0,76,275,11
"301","Germaine Pratt","OLB",26,1,0,7,0,31,0,74,245,36.5
"302","Grady Jarrett","DT",13,3,0,2,2,12,0,72,305,27
"303","Grant Delpit","SS",33,0,0,5,1,14,0,75,203,37
"304","Grant Haley","CB",6,0,0,3,1,5,0,69,190,7.5
"305","Greedy Williams","CB",3,0,0,0,1,2,0,74,184,6
"306","Greg Gaines","NT",4,1,0,2,1,10,0,73,312,11
"307","Greg Newsome","CB",17,0,0,3,1,4,0,73,188,18
"308","Gregory Rousseau","DE",11,3,0,2,0,3,0,79,253,16.5
"309","Grover Stewart","DT",31,5,0,3,2,14,1,76,315,54
"310","Haason Reddick","OLB",10,3,0,9,0,4,0,73,235,9
"311","Harrison Phillips","DT",9,1,0,1,0,11,0,75,307,15.5
"312","Harrison Smith","SS",36,0,1,2,1,7,0,74,214,44.5
"313","Hassan Ridgeway","DT",8,1,0,0,0,9,0,75,305,14.5
"314","Henry Anderson","DE",6,2,0,0,2,6,1,78,301,22
"315","Henry Mondeaux","DT",1,0,0,0,0,4,0,76,280,3
"316","Ifeadi Odenigbo","DE",2,1,0,0,0,3,0,75,258,5.5
"317","Ifeatu Melifonwu","CB",1,0,0,0,0,0,0,75,213,1
"318","Isaac Rochell","DE",12,1,0,1,2,1,1,76,280,22.5
"319","Isaiah Buggs","DT",9,0,0,3,0,7,0,75,295,9.5
"320","Isaiah McDuffie","ILB",6,0,0,1,1,2,0,73,224,8
"321","Isaiah Oliver","CB",11,2,0,5,1,6,1,72,210,20
"322","Isaiah Rodgers","CB",12,1,1,0,2,6,0,70,170,26
"323","Isaiah Simmons","DB",28,0,1,6,2,12,0,75,225,37
"324","Isaiah Thomas","DE",2,0,0,1,0,4,0,77,272,3
"325","Isaiahh Loudermilk","DE",3,0,0,1,0,2,0,79,293,3
"326","Israel Mukuamu","SS",8,0,0,0,1,3,0,76,205,11.5
"327","J.C. Jackson","CB",11,0,0,3,0,3,0,73,198,9.5
"328","J.J. Watt","DE",7,2,0,1,1,4,1,77,288,19
"329","J.T. Gray","SS",0,0,0,0,0,1,0,72,202,0.5
"330","Ja'Marcus Ingram","CB",2,0,0,0,0,1,0,73,185,2.5
"331","Ja'Whaun Bentley","ILB",18,0,0,2,1,31,0,74,255,33.5
"332","Jabrill Peppers","SS",16,0,0,1,2,11,0,71,213,24.5
"333","Jace Whittaker","CB",6,0,0,4,1,2,0,71,185,5
"334","Jack Jones","CB",19,1,1,7,0,5,0,71,170,21.5
"335","Jack Sanborn","ILB",7,0,0,0,0,2,0,74,232,8
"336","Jacob Phillips","MLB",27,0,0,6,1,16,0,76,233,31
"337","Jadeveon Clowney","DE",5,1,0,1,0,5,0,77,255,8.5
"338","Jaelan Phillips","OLB",13,2,0,10,2,13,0,77,266,17.5
"339","Jahlani Tavai","ILB",14,0,0,0,0,15,0,74,250,21.5
"340","Jaire Alexander","CB",18,2,0,4,3,5,2,70,196,36.5
"341","Jake Hansen","OLB",0,0,0,1,0,2,0,73,230,0
"342","Jake Martin","DE",2,0,0,2,0,4,0,74,242,2
"343","Jaleel Johnson","DT",2,0,0,1,0,1,0,75,316,1.5
"344","Jalen Dalton","DT",2,0,0,0,0,2,0,77,288,3
"345","Jalen Davis","CB",0,0,0,0,0,1,0,70,185,0.5
"346","Jalen Mills","CB",20,0,0,3,0,5,0,72,191,19.5
"347","Jalen Pitre","FS",34,4,0,19,1,20,0,72,200,35
"348","Jalen Ramsey","CB",26,3,1,3,3,7,2,73,208,53.5
"349","Jalen Reeves-Maybin","OLB",1,0,0,1,0,2,0,72,233,1
"350","Jalen Thompson","FS",43,0,0,2,2,13,0,71,190,51.5
"351","Jalyn Armour-Davis","CB",3,1,0,2,0,2,0,73,192,4
"352","Jamal Adams","SS",3,0,0,0,0,0,0,73,213,3
"353","Jamel Dean","CB",27,1,0,0,0,8,0,73,206,33
"354","James Bradberry","CB",20,0,0,6,0,3,0,73,212,15.5
"355","James Lynch","NT",5,0,0,1,0,3,0,76,295,5.5
"356","James Pierre","CB",12,0,0,1,0,1,0,74,185,11.5
"357","James Smith-Williams","DE",8,1,0,2,1,8,1,75,265,19
"358","Jamien Sherwood","ILB",2,0,0,0,0,0,0,73,220,2
"359","Jamin Davis","OLB",30,4,0,7,2,13,1,76,234,46.5
"360","Jamir Jones","OLB",3,0,0,0,0,1,0,75,255,3.5
"361","Jaquan Brisker","SS",37,1,0,11,1,14,0,73,202,37
"362","Jaquan Johnson","FS",11,0,0,4,0,13,0,70,190,13.5
"363","Jarran Reed","DT",16,3,0,2,1,11,0,75,306,27.5
"364","Jason Pierre-Paul","DE",3,0,0,1,0,3,0,77,275,3.5
"365","Javon Hargrave","DT",15,0,0,3,1,5,0,74,305,16.5
"366","Javon Kinlaw","DT",1,0,0,1,0,0,0,78,310,0
"367","Jay Tufele","DT",6,2,0,1,0,8,0,75,305,13
"368","Jaycee Horn","CB",17,1,0,5,1,9,0,73,200,20.5
"369","Jaylen Watson","CB",23,1,0,7,2,5,1,75,204,29.5
"370","Jaylinn Hawkins","FS",28,0,1,6,2,19,0,74,210,40.5
"371","Jaylon Johnson","CB",11,1,1,3,0,3,0,72,195,16.5
"372","Jaylon Jones","CB",12,0,0,2,0,5,0,71,183,12.5
"373","Jaylon Smith","MLB",15,1,0,1,1,10,1,74,245,28
"374","Jayon Brown","OLB",17,1,0,2,0,5,0,72,226,19.5
"375","Jayron Kearse","FS",21,2,0,2,2,11,0,76,215,32.5
"376","Jeff Okudah","CB",38,2,1,1,2,8,1,73,200,59
"377","Jeffery Simmons","DT",10,2,0,5,0,12,0,76,300,15
"378","Jeremiah Attaochu","OLB",2,1,0,0,0,0,0,75,252,4
"379","Jeremiah Owusu-Koramoah","OLB",26,5,2,8,2,14,2,73,215,59
"380","Jeremy Chinn","FS",13,0,0,5,1,6,0,75,212,13
"381","Jeremy Reaves","FS",1,0,0,0,0,1,0,71,205,1.5
"382","Jermaine Johnson","DE",7,1,0,0,0,3,0,76,260,10.5
"383","Jerome Baker","ILB",35,1,0,7,3,14,0,74,225,43
"384","Jerry Hughes","DE",6,1,0,7,0,5,0,74,254,3.5
"385","Jerry Jacobs","CB",4,1,0,0,0,1,0,71,198,6.5
"386","Jerry Tillery","DT",4,0,0,3,0,3,0,78,295,2.5
"387","Jesse Luketa","OLB",1,1,0,1,0,0,0,75,242,2
"388","Jessie Bates","FS",23,0,0,4,2,15,0,73,200,30.5
"389","Jevon Holland","FS",40,0,0,5,2,9,0,73,196,43.5
"390","Jihad Ward","OLB",15,5,0,3,2,7,2,77,287,39.5
"391","Jimmie Ward","FS",4,0,0,1,0,3,0,71,193,4.5
"392","Joe Bachie","OLB",2,0,0,0,0,1,0,74,235,2.5
"393","Joe Schobert","ILB",7,0,1,1,0,3,0,73,245,12.5
"394","Joe Thomas","ILB",5,0,0,4,0,9,0,73,232,5.5
"395","Joe Tryon","OLB",9,2,0,4,3,9,1,77,262,24.5
"396","Joey Bosa","OLB",4,1,0,0,1,0,1,77,280,13
"397","John Cominsky","DT",1,0,0,1,0,3,0,77,285,1.5
"398","John Franklin-Myers","DE",9,1,0,1,1,6,1,76,288,20
"399","John Jenkins","NT",2,0,0,0,0,6,0,75,327,5
"400","John Johnson","FS",29,3,1,9,2,9,1,72,209,44.5
"401","John Ridgeway","DT",3,0,0,1,0,4,0,78,320,4
"402","Johnathan Abram","SS",36,0,0,9,3,12,0,72,205,39
"403","Johnathan Hankins","NT",4,0,0,1,0,8,0,75,340,7
"404","Jon Bostic","OLB",3,0,0,1,0,6,0,73,245,5
"405","Jonah Williams","DT",0,0,0,0,0,1,0,77,275,0.5
"406","Jonas Griffith","ILB",24,0,0,5,3,17,0,76,250,33.5
"407","Jonathan Allen","DT",17,7,0,3,0,9,0,75,300,32.5
"408","Jonathan Bullard","DE",8,1,0,0,0,3,0,75,296,11.5
"409","Jonathan Garvin","OLB",0,0,0,0,0,4,0,76,250,2
"410","Jonathan Greenard","DE",4,4,0,3,1,2,1,75,259,17
"411","Jonathan Jones","CB",18,0,2,3,1,3,0,70,190,28.5
"412","Jonathan Kongbo","DE",1,0,0,0,0,0,0,76,265,1
"413","Jonathan Ledbetter","DE",1,0,0,2,0,4,0,76,280,1
"414","Jonathan Owens","FS",45,0,0,7,0,19,0,71,210,47.5
"415","Jonathon Cooper","OLB",6,0,0,1,0,4,0,76,257,7
"416","Jordan Davis","DT",9,1,0,0,0,6,0,78,340,14
"417","Jordan Elliott","DT",7,1,0,3,0,6,0,76,315,9
"418","Jordan Fuller","SS",8,0,0,1,1,3,0,74,205,10.5
"419","Jordan Hicks","ILB",54,0,0,5,8,20,0,73,236,75
"420","Jordan Kunaszyk","MLB",1,0,0,0,0,1,0,75,235,1.5
"421","Jordan Phillips","DE",4,0,0,4,1,4,0,78,341,4
"422","Jordan Poyer","SS",15,1,0,3,1,6,0,72,191,19
"423","Jordan Whitehead","SS",27,1,0,10,2,19,0,70,198,32.5
"424","Jordyn Brooks","ILB",61,0,1,10,5,23,0,73,245,77.5
"425","Joseph Ossai","DE",1,0,0,0,0,5,0,76,253,3.5
"426","Josey Jewell","ILB",19,4,0,5,0,16,0,73,236,30
"427","Josh Allen","OLB",11,2,1,4,1,9,1,77,262,27.5
"428","Josh Bynes","ILB",18,1,0,3,0,10,0,73,235,22
"429","Josh Jackson","CB",5,0,0,0,1,2,0,72,196,8
"430","Josh Jones","FS",20,0,0,7,0,4,0,74,220,15
"431","Josh Metellus","SS",10,0,0,1,2,3,0,72,210,14.5
"432","Josh Paschal","DT",4,0,0,0,0,3,0,75,278,5.5
"433","Josh Sweat","DE",15,5,0,5,2,6,0,77,253,27
"434","Josh Tupou","NT",4,0,0,2,0,7,0,75,345,5.5
"435","Josh Uche","OLB",6,0,0,0,1,1,0,74,250,8.5
"436","Joshua Kalu","FS",9,0,0,3,0,10,0,72,203,11
"437","Joshua Onujiogu","DE",1,0,0,0,0,1,0,75,250,1.5
"438","Joshua Williams","CB",10,1,0,3,1,3,0,75,197,12.5
"439","Josiah Scott","CB",3,1,0,2,0,3,0,70,175,4.5
"440","Jourdan Lewis","CB",16,0,0,3,0,9,0,70,195,17.5
"441","Juan Thornhill","FS",22,1,0,6,1,9,1,72,205,29.5
"442","Juju Hughes","FS",11,1,0,3,0,4,0,71,188,12
"443","Julian Blackmon","FS",5,0,0,0,0,2,0,73,204,6
"444","Julian Love","SS",31,2,0,3,1,23,1,71,193,50.5
"445","Julian Okwara","OLB",6,1,0,0,1,6,0,77,241,13
"446","Justin Bethel","FS",6,0,0,1,1,3,0,72,200,8.5
"447","Justin Coleman","CB",3,0,0,2,1,2,0,71,190,4
"448","Justin Ellis","DT",2,1,0,2,0,10,0,74,350,7
"449","Justin Evans","SS",12,2,0,3,1,10,0,72,199,20
"450","Justin Hollins","OLB",13,1,0,2,0,8,0,77,248,17
"451","Justin Houston","OLB",2,0,0,1,0,2,0,75,270,2
"452","Justin Jones","DT",12,4,0,2,0,8,0,75,309,22
"453","Justin Layne","CB",2,0,0,0,0,0,0,74,192,2
"454","Justin Madubuike","DT",8,3,0,3,0,11,0,75,300,16.5
"455","Justin Reid","SS",24,0,0,9,1,11,0,73,204,22.5
"456","Justin Simmons","FS",14,1,0,6,2,9,0,74,202,18.5
"457","Juston Burris","SS",10,0,0,4,0,7,0,72,212,9.5
"458","K'Lavon Chaisson","OLB",1,0,0,1,0,1,0,76,250,0.5
"459","K'Von Wallace","SS",3,0,0,0,0,3,0,71,208,4.5
"460","K'Waun Williams","CB",22,2,0,4,0,7,0,69,183,25.5
"461","Kaden Elliss","OLB",7,0,0,3,1,8,0,75,240,10
"462","Kader Kohou","CB",33,4,1,5,1,3,0,69,187,44.5
"463","Kaiir Elam","CB",24,0,0,6,2,11,0,74,196,27.5
"464","Kamren Curl","SS",32,5,0,1,5,13,2,74,203,67.5
"465","Kamu Grugier-Hill","ILB",28,0,0,6,2,10,0,74,230,31
"466","Kareem Jackson","SS",28,1,0,9,1,23,0,70,185,34.5
"467","Kayvon Thibodeaux","OLB",8,0,0,2,1,4,0,77,250,10
"468","Keanu Neal","FS",25,1,0,8,3,11,0,73,216,30.5
"469","Keion Crossen","CB",4,0,0,3,0,4,0,70,185,3
"470","Keir Thomas","OLB",0,0,0,1,0,0,0,74,275,-1
"471","Keisean Nixon","CB",7,0,1,0,1,2,0,70,200,15
"472","Keith Taylor","CB",13,0,0,1,1,1,0,75,195,14.5
"473","Kelvin Joseph","CB",0,0,0,0,0,1,0,73,195,0.5
"474","Kemoko Turay","DE",1,0,0,0,0,0,0,77,248,1
"475","Kendal Vickers","DT",3,0,0,2,1,6,0,75,295,6
"476","Kendall Fuller","CB",25,1,0,2,1,7,0,71,198,30.5
"477","Kenneth Murray","ILB",27,3,0,5,0,10,0,75,234,33
"478","Kenny Clark","NT",13,1,0,1,1,18,0,75,314,25
"479","Kenny Moore","CB",30,2,0,5,2,11,0,69,190,38.5
"480","Kentavius Street","DT",6,2,0,1,0,5,0,74,287,11.5
"481","Kerby Joseph","SS",15,0,2,3,2,10,0,73,200,31
"482","Kerry Hyder","DE",3,0,0,0,0,2,0,74,270,4
"483","Kevin Byard","FS",34,0,0,3,4,22,0,71,212,50
"484","Kevin Givens","DT",4,1,0,0,0,6,0,73,285,9
"485","Kevin Pierre-Louis","OLB",0,0,0,2,0,2,0,72,230,-1
"486","Kevin Strong","DE",5,0,0,0,0,4,0,76,285,7
"487","Khalen Saunders","DT",13,0,0,1,0,13,0,72,324,18.5
"488","Khalil Mack","OLB",15,2,1,3,0,5,0,75,269,23.5
"489","Khyiris Tonga","NT",1,0,0,1,0,0,0,76,340,0
"490","Kindle Vildor","CB",20,1,0,3,0,9,0,71,190,23.5
"491","Kingsley Enagbare","OLB",7,2,0,0,0,2,0,76,270,12
"492","Kingsley Jonathan","DE",1,0,0,0,0,1,0,76,260,1.5
"493","Kristian Fulton","CB",22,3,1,9,2,11,0,72,200,33.5
"494","Kristian Welch","ILB",1,0,0,0,0,0,0,75,239,1
"495","Krys Barnes","ILB",4,0,0,0,1,4,0,73,235,8
"496","Kurt Hinish","DT",4,1,0,0,0,3,0,73,296,7.5
"497","Kwity Paye","DE",14,1,0,2,0,5,0,75,265,16.5
"498","Kwon Alexander","OLB",25,3,0,4,2,16,1,73,227,44
"499","Kyle Dugger","FS",16,2,0,2,2,7,1,74,216,30.5
"500","Kyle Fuller","CB",3,0,0,1,0,0,0,71,194,2
"501","Kyle Hamilton","FS",15,0,1,3,2,6,0,76,220,24
"502","Kyle Van Noy","OLB",14,2,0,2,0,6,0,75,250,19
"503","Kyler Gordon","CB",35,1,1,9,2,10,0,72,195,42
"504","Kyron Johnson","OLB",0,0,0,0,0,1,0,73,235,0.5
"505","Kyzir White","ILB",30,1,0,7,0,23,0,74,216,36.5
"506","L'Jarius Sneed","CB",40,1,1,6,3,14,0,73,193,54
"507","Ladarius Hamilton","OLB",0,0,0,1,0,0,0,75,260,-1
"508","Lamarcus Joyner","SS",16,0,0,6,0,18,0,68,185,19
"509","Landon Collins","SS",1,0,0,0,1,0,0,72,218,3
"510","Larry Ogunjobi","DT",9,2,0,3,0,9,0,75,305,14.5
"511","Lavonte David","ILB",37,3,0,1,5,23,0,73,233,63.5
"512","Lawrence Guy","DT",8,0,0,0,1,11,0,76,315,15.5
"513","Leighton Vander Esch","OLB",34,1,1,3,2,25,0,76,256,54.5
"514","Leki Fotu","DT",8,0,0,2,0,10,0,77,335,11
"515","Leo Chenal","OLB",5,0,0,4,0,5,0,74,261,3.5
"516","Leonard Floyd","DE",13,1,0,2,1,18,0,77,240,24
"517","Leonard Williams","DT",11,0,0,0,1,7,0,77,302,16.5
"518","Levi Wallace","CB",9,0,0,2,3,6,0,72,179,16
"519","Logan Hall","DE",4,2,0,0,0,2,0,78,275,9
"520","Logan Ryan","FS",5,0,1,0,0,4,0,71,195,12
"521","Logan Wilson","ILB",35,2,1,2,6,16,1,74,250,67
"522","Lonnie Johnson","CB",2,0,0,0,1,1,0,74,213,4.5
"523","Lorenzo Carter","OLB",13,1,0,3,0,11,0,77,250,17.5
"524","Luke Gifford","OLB",0,0,0,0,0,1,0,75,245,0.5
"525","Luke Masterson","OLB",0,0,0,0,0,2,0,73,220,1
"526","M.J. Stewart","SS",6,0,0,1,1,3,0,71,205,8.5
"527","Mack Wilson","OLB",8,1,0,5,2,12,0,73,240,15
"528","Malcolm Koonce","DE",3,0,0,1,0,1,0,75,250,2.5
"529","Malcolm Roach","DT",3,0,0,4,0,5,0,75,290,1.5
"530","Malcolm Rodriguez","ILB",32,4,0,6,2,11,0,71,225,43.5
"531","Maliek Collins","DT",7,2,0,0,0,5,0,74,308,13.5
"532","Malik Harrison","OLB",15,1,0,4,0,8,0,75,245,17
"533","Malik Herring","DE",1,0,0,1,0,4,0,75,277,2
"534","Malik Hooker","FS",27,1,0,2,1,10,0,73,212,34
"535","Malik Reed","OLB",7,0,0,2,1,10,0,74,235,12
"536","Marcell Harris","OLB",5,0,0,3,0,4,0,72,208,4
"537","Marco Wilson","CB",26,1,1,7,3,10,1,71,191,42
"538","Marcus Davenport","DE",9,2,0,1,1,8,1,78,265,23
"539","Marcus Epps","SS",32,2,0,8,1,13,0,72,191,36.5
"540","Marcus Jones","CB",3,0,0,1,0,1,0,68,185,2.5
"541","Marcus Maye","FS",23,0,1,4,1,9,0,72,207,30.5
"542","Marcus Peters","CB",17,0,1,6,1,6,0,72,197,21
"543","Marcus Williams","FS",25,1,0,1,1,7,0,73,195,31.5
"544","Mario Addison","DE",1,0,0,1,0,2,0,75,260,1
"545","Mario Edwards","DT",3,0,0,0,0,1,0,75,280,3.5
"546","Markquese Bell","FS",1,0,0,0,0,0,0,75,205,1
"547","Markus Bailey","ILB",6,1,0,1,0,4,0,73,240,9
"548","Markus Golden","OLB",13,4,0,2,1,13,0,75,260,27.5
"549","Marlon Humphrey","CB",20,0,0,4,3,10,0,72,197,27
"550","Marlon Tuipulotu","DT",5,0,0,1,0,5,0,75,305,6.5
"551","Marquan McCall","NT",3,2,0,0,0,6,0,75,379,10
"552","Marquis Haynes","OLB",6,1,0,1,1,7,0,74,235,12.5
"553","Marquise Copeland","DT",4,1,0,0,0,7,0,74,285,9.5
"554","Marshon Lattimore","CB",11,0,0,0,2,5,0,72,192,17.5
"555","Martin Emerson","CB",30,1,0,7,2,4,0,74,200,31
"556","Marvin Wilson","DT",2,0,0,1,0,2,0,77,311,2
"557","Matt Dickerson","DT",3,1,0,1,0,3,0,77,290,5.5
"558","Matt Henningsen","DE",7,1,0,0,0,3,0,75,291,10.5
"559","Matt Ioannidis","DT",5,1,1,4,0,13,0,75,310,14.5
"560","Matt Judon","OLB",8,1,0,1,2,14,0,75,261,20
"561","Matt Milano","OLB",31,5,0,6,5,6,1,72,223,53
"562","Matthew Adams","OLB",3,0,0,1,0,3,0,72,229,3.5
"563","Matthew Butler","DT",1,0,0,0,0,2,0,75,290,2
"564","Matthias Farley","FS",1,0,0,0,0,0,0,71,209,1
"565","Maxx Crosby","DE",26,8,0,8,4,14,2,77,255,59
"566","Melvin Ingram","OLB",10,5,0,3,0,3,0,74,247,18.5
"567","Micah Hyde","FS",4,0,0,1,1,3,0,72,197,6.5
"568","Micah McFadden","ILB",9,0,0,2,0,4,0,74,232,9
"569","Micah Parsons","OLB",19,3,0,2,2,9,0,75,245,31.5
"570","Michael Brockers","DE",1,0,0,0,0,3,0,77,305,2.5
"571","Michael Carter","CB",25,2,0,4,5,4,1,70,190,42
"572","Michael Danna","DE",1,0,0,1,0,6,0,74,255,3
"573","Michael Davis","CB",18,1,0,2,0,7,0,74,196,21.5
"574","Michael Dogbe","DE",6,0,0,2,0,6,0,75,284,7
"575","Michael Dwumfour","DT",2,0,0,1,0,0,0,74,282,1
"576","Michael Jackson","CB",35,3,0,5,1,2,0,73,210,39
"577","Michael Pierce","NT",5,1,1,0,0,2,0,72,340,13
"578","Michael Thomas","SS",1,0,0,0,0,1,0,71,195,1.5
"579","Micheal Clemons","DE",7,1,0,0,0,7,0,77,270,12.5
"580","Mike Edwards","FS",31,1,0,10,1,21,0,70,200,35.5
"581","Mike Ford","CB",4,1,0,1,1,5,1,72,196,14.5
"582","Mike Hilton","CB",27,3,0,6,1,8,0,69,184,33
"583","Mike Hughes","CB",12,0,0,1,1,9,0,70,191,17.5
"584","Mike Pennel","NT",8,1,0,1,0,3,0,76,332,10.5
"585","Mike Purcell","NT",10,0,0,2,0,12,0,75,328,14
"586","Milo Eifler","OLB",1,0,0,0,0,0,0,74,225,1
"587","Milton Williams","DT",4,0,0,0,0,5,0,76,278,6.5
"588","Minkah Fitzpatrick","FS",26,0,0,2,3,17,0,73,207,38.5
"589","Montaric Brown","CB",1,0,0,1,0,1,0,72,190,0.5
"590","Montez Sweat","DE",13,3,0,1,2,11,0,78,262,27.5
"591","Montravius Adams","NT",4,0,0,0,0,3,0,76,304,5.5
"592","Morgan Fox","DE",4,0,0,0,0,4,0,75,275,6
"593","Myjai Sanders","OLB",1,0,0,1,0,1,0,77,240,0.5
"594","Mykal Walker","ILB",43,2,1,7,2,25,0,75,219,61.5
"595","Myles Adams","DE",0,0,0,0,0,4,0,74,285,2
"596","Myles Bryant","CB",20,0,0,1,2,12,0,68,180,29
"597","Myles Garrett","DE",5,1,0,3,2,6,0,76,272,11
"598","Myles Hartsfield","FS",39,2,1,6,3,10,0,71,211,53
"599","Myles Jack","ILB",41,2,0,6,2,26,0,73,244,56
"600","Naquan Jones","DT",3,0,0,0,0,5,0,76,340,5.5
"601","Nasir Adderley","FS",21,1,1,2,1,8,0,72,206,32
"602","Nate Hobbs","CB",29,2,1,4,2,8,0,72,195,42
"603","Nate Landman","ILB",0,0,0,0,0,1,0,75,230,0.5
"604","Nathan Shepherd","DT",4,0,0,3,1,7,0,76,315,6.5
"605","Neil Farrell","DT",2,1,0,1,0,4,0,76,325,5
"606","Neville Gallimore","DT",7,1,0,1,0,3,0,74,302,9.5
"607","Neville Hewitt","ILB",3,1,0,0,0,1,0,74,234,5.5
"608","Nicholas Morrow","OLB",40,3,0,10,6,19,1,72,225,62.5
"609","Nicholas Williams","DT",5,0,0,1,0,11,0,76,309,9.5
"610","Nick Bellore","ILB",0,0,0,0,0,1,0,73,250,0.5
"611","Nick Bolton","ILB",46,6,0,2,4,23,1,72,232,80.5
"612","Nick Bosa","DE",8,0,0,1,1,4,0,76,266,11
"613","Nick Cross","SS",7,0,0,2,1,1,0,73,215,7.5
"614","Nick McCloud","CB",4,0,0,0,0,1,0,73,190,4.5
"615","Nick Scott","SS",21,1,1,9,0,13,0,71,200,25.5
"616","Nick Vigil","ILB",7,1,0,2,0,7,0,74,235,10.5
"617","Nik Bonitto","OLB",3,0,0,1,0,2,0,75,238,3
"618","Nik Needham","CB",15,0,0,1,2,6,0,72,193,21
"619","Noah Igbinoghene","CB",8,0,0,1,0,1,0,71,196,7.5
"620","Odafe Oweh","OLB",16,2,1,5,2,8,0,77,252,28
"621","Ogbonnia Okoronkwo","DE",7,0,0,2,1,4,0,73,253,9
"622","Olasunkanmi Adeniyi","OLB",0,0,0,1,0,1,0,73,248,-0.5
"623","Oren Burks","OLB",5,1,0,0,1,9,1,75,233,18.5
"624","Osa Odighizuwa","DT",11,3,0,2,3,6,1,74,280,29
"625","Oshane Ximines","OLB",6,0,0,0,1,5,0,76,250,10.5
"626","Otito Ogbonnia","DT",12,1,0,4,1,0,0,76,320,12
"627","P.J. Locke","FS",3,0,1,0,0,2,0,70,202,9
"628","P.J. Williams","CB",7,0,0,0,2,4,0,72,196,13
"629","Pat O'Connor","DE",0,0,0,1,0,1,0,76,270,-0.5
"630","Patrick Johnson","ILB",2,0,1,1,0,0,0,74,251,6
"631","Patrick Jones","OLB",2,2,0,0,0,2,0,77,260,7
"632","Patrick Peterson","CB",25,0,0,2,0,4,0,73,203,25
"633","Patrick Queen","ILB",39,3,0,9,4,14,0,73,227,51
"634","Patrick Surtain","CB",20,1,1,5,2,6,0,74,203,29
"635","Paulson Adebo","CB",26,0,0,7,1,4,0,72,193,23
"636","Payton Turner","DE",4,2,0,0,0,4,0,78,270,10
"637","Percy Butler","FS",0,0,0,0,0,1,0,72,191,0.5
"638","Perrion Winfrey","DT",1,1,0,1,0,4,0,75,290,4
"639","Pete Werner","OLB",51,3,2,8,3,22,0,75,242,76
"640","Phil Hoskins","DT",1,0,0,0,0,1,0,77,280,1.5
"641","Poona Ford","DE",12,2,0,1,0,4,0,71,310,17
"642","Preston Smith","OLB",15,3,0,8,0,10,0,77,265,18
"643","Prince Emili","DT",0,0,0,0,0,3,0,74,300,1.5
"644","Quandre Diggs","FS",26,1,1,7,3,13,1,69,197,43.5
"645","Quay Walker","ILB",35,1,2,5,3,22,1,76,240,64
"646","Quincy Roche","OLB",0,0,0,0,0,1,0,75,232,0.5
"647","Quincy Williams","OLB",35,4,0,9,5,13,0,71,226,50.5
"648","Quinnen Williams","NT",14,1,0,2,2,10,0,75,303,23
"649","Quinton Bell","OLB",1,1,0,0,0,1,0,76,253,3.5
"650","Quinton Bohanna","DT",4,0,0,1,1,5,0,77,355,7.5
"651","Quinton Jefferson","DE",5,0,0,1,1,7,0,76,291,9.5
"652","Rachad Wildgoose","CB",9,0,0,4,1,4,0,71,197,9
"653","Raekwon Davis","NT",7,0,0,1,0,12,0,79,310,12
"654","Raekwon McMillan","ILB",10,1,0,1,1,5,1,74,242,20.5
"655","Rakeem Nunez-Roches","NT",9,3,0,1,0,8,0,74,307,18
"656","Randy Gregory","DE",5,1,1,1,1,3,1,77,255,19.5
"657","Rashaan Evans","ILB",45,3,1,6,6,39,0,74,234,81.5
"658","Rashad Fenton","CB",17,0,0,3,1,6,0,71,188,19
"659","Rashad Weaver","OLB",4,1,0,5,0,3,0,77,270,2.5
"660","Rashan Gary","OLB",13,2,0,4,4,11,0,77,277,26.5
"661","Rashard Lawrence","NT",9,3,1,2,1,2,1,74,308,26
"662","Rasheem Green","DE",14,2,0,2,1,3,0,76,279,19.5
"663","Rasul Douglas","CB",31,2,0,7,3,7,0,74,209,37.5
"664","Rayshawn Jenkins","SS",35,1,0,16,0,17,0,73,220,29.5
"665","Richie Grant","SS",39,1,0,8,2,22,0,72,194,48
"666","Robert Quinn","OLB",3,1,0,1,0,1,0,76,257,4.5
"667","Robert Rochell","CB",1,0,0,0,0,0,0,74,195,1
"668","Robert Spillane","ILB",12,0,0,2,1,11,0,73,229,17.5
"669","Rock Ya-Sin","CB",24,0,0,5,0,7,0,72,190,22.5
"670","Roderic Teamer","SS",6,0,0,1,2,3,0,72,205,10.5
"671","Rodney McLeod","FS",25,4,0,2,2,13,1,70,195,46.5
"672","Rodney Thomas","FS",16,0,0,2,0,7,0,73,201,17.5
"673","Roger McCreary","CB",42,1,0,6,2,8,0,72,188,46
"674","Ronald Darby","CB",12,0,1,3,0,2,0,71,193,15
"675","Ronnie Harrison","SS",7,0,0,3,1,1,0,75,214,6.5
"676","Roquan Smith","ILB",50,2,0,7,2,32,1,72,230,72
"677","Ross Blacklock","DT",1,1,0,4,0,0,0,76,305,-1
"678","Roy Lopez","DT",5,1,0,0,0,6,0,74,318,10
"679","Roy Robertson-Harris","DT",15,4,0,4,1,11,0,77,294,26.5
"680","Rudy Ford","SS",10,0,0,0,3,4,0,72,204,18
"681","Ryan Anderson","OLB",1,1,0,0,0,0,0,74,253,3
"682","Ryan Neal","SS",24,2,2,3,5,6,1,75,200,53
"683","Ryder Anderson","DT",1,0,0,0,0,0,0,78,266,1
"684","Saivion Smith","CB",0,0,0,0,0,1,0,73,200,0.5
"685","Sam Eguavoen","ILB",2,0,0,0,2,1,0,73,236,6.5
"686","Sam Hubbard","DE",20,6,0,5,1,13,0,77,265,35.5
"687","Sam Okuayinonu","DE",1,0,0,0,0,0,0,73,285,1
"688","Sam Roberts","DT",1,0,0,0,0,1,0,77,292,1.5
"689","Sam Webb","CB",0,0,0,0,0,2,0,74,195,1
"690","Sam Williams","DE",6,2,0,0,0,0,0,76,265,10
"691","Samson Ebukam","DE",11,2,0,3,1,10,1,75,245,24
"692","Samuel Womack","CB",3,0,1,0,0,2,0,70,187,9
"693","Sean Chandler","SS",5,0,0,0,0,2,0,70,205,6
"694","Sean Murphy-Bunting","CB",5,1,0,1,0,4,0,72,195,8
"695","Sebastian Joseph","NT",13,4,0,4,2,15,0,76,310,28.5
"696","Shaka Toney","DE",3,1,0,0,2,1,1,75,252,14.5
"697","Shaq Lawson","DE",6,0,0,2,0,3,0,75,267,5.5
"698","Shaq Thompson","ILB",38,3,0,9,3,28,0,72,230,55
"699","Shaquil Barrett","OLB",16,3,0,2,1,11,0,74,250,27.5
"700","Shaquill Griffin","CB",24,3,0,5,2,6,0,72,198,32
"701","Shaquille Leonard","MLB",8,0,0,0,0,3,0,74,230,9.5
"702","Shaun Wade","CB",1,0,0,0,0,0,0,73,195,1
"703","Shelby Harris","DE",10,2,0,4,1,9,0,74,290,16.5
"704","Sheldon Rankins","DT",13,1,0,4,0,8,0,74,305,15
"705","Shy Tuttle","DT",12,0,0,1,2,9,0,75,300,19.5
"706","Sidney Jones","CB",3,0,0,0,0,1,0,72,181,3.5
"707","Sione Takitaki","OLB",17,3,0,1,0,17,0,73,238,30.5
"708","Siran Neal","CB",2,0,0,2,0,2,0,72,205,1
"709","Solomon Thomas","DT",5,0,0,0,0,7,0,74,280,8.5
"710","Stephon Gilmore","CB",27,0,0,4,4,4,0,73,202,33
"711","Steven Means","OLB",1,0,0,0,0,1,0,75,263,1.5
"712","Steven Nelson","CB",25,1,0,9,3,7,1,71,194,32.5
"713","T.J. Edwards","ILB",49,4,0,8,1,25,0,73,240,63.5
"714","T.J. Watt","OLB",5,2,0,0,0,0,0,76,252,9
"715","Ta'Quon Graham","DE",13,0,0,4,1,15,0,76,285,18.5
"716","Tae Crowder","ILB",22,1,0,11,1,14,0,75,235,22
"717","Tae Hayes","CB",2,0,0,0,0,1,0,69,188,2.5
"718","Takkarist McKinley","DE",0,0,0,0,0,1,0,74,265,0.5
"719","Talanoa Hufanga","SS",28,4,0,11,1,12,0,73,215,33
"720","Tanner Vallejo","ILB",9,1,0,1,0,4,0,73,228,12
"721","Tanoh Kpassagnon","DE",7,1,0,1,0,6,0,79,289,11
"722","Tariq Woolen","CB",23,1,0,3,0,6,0,76,205,25
"723","Taron Johnson","CB",34,3,0,6,3,13,1,71,192,51.5
"724","Tarvarius Moore","SS",3,0,0,0,0,1,0,74,200,3.5
"725","Tashaun Gipson","FS",22,0,0,0,2,5,0,73,212,28.5
"726","Taven Bryan","DT",5,0,0,2,0,6,0,76,291,6
"727","Tavierre Thomas","CB",0,0,0,1,0,1,0,70,205,-0.5
"728","Taylor Rapp","FS",20,0,0,3,2,18,0,72,208,30
"729","Taylor Stallworth","DT",1,0,0,0,0,1,0,74,305,1.5
"730","Teair Tart","DT",7,1,0,3,0,7,0,75,290,9.5
"731","Tedarrell Slaton","DT",4,0,0,4,0,9,0,77,340,4.5
"732","Terrance Mitchell","CB",18,1,1,1,2,5,0,71,190,30.5
"733","Terrel Bernard","OLB",6,0,0,1,0,8,0,73,222,9
"734","Terrell Burgess","FS",8,0,0,1,0,4,0,72,198,9
"735","Terrell Edmunds","SS",19,1,0,5,2,12,0,73,217,26
"736","Terrell Lewis","OLB",7,1,0,1,0,4,0,77,252,10
"737","Tershawn Wharton","DT",3,0,0,1,2,4,0,76,255,8
"738","Thomas Booker","DT",6,0,0,2,2,2,0,76,310,9
"739","Tim Settle","DT",2,0,0,2,0,4,0,75,308,2
"740","Timmy Horne","DT",4,0,0,1,0,5,0,77,321,5.5
"741","Tommy Togiai","DT",4,0,0,1,0,2,0,74,300,4
"742","Tomon Fox","OLB",9,2,0,2,2,5,1,75,260,22.5
"743","Tony Adams","FS",0,0,0,0,0,1,0,72,205,0.5
"744","Tony Fields","OLB",1,0,0,0,0,0,0,73,217,1
"745","Tony Jefferson","SS",3,0,0,0,0,1,0,71,212,3.5
"746","Tracy Walker","FS",9,0,0,1,0,8,0,73,210,12
"747","Travis Jones","DT",7,0,0,0,0,2,0,76,336,8
"748","Travon Walker","OLB",15,1,0,7,1,15,0,77,275,19.5
"749","Trayvon Mullen","CB",1,0,0,1,0,1,0,74,200,0.5
"750","Tre Avery","CB",3,0,0,0,0,0,0,71,190,3
"751","Tre Flowers","CB",11,0,0,0,1,2,0,75,203,14
"752","Tre Herndon","CB",12,0,0,2,1,3,0,71,185,13.5
"753","Tre Norwood","FS",15,2,0,6,3,3,0,72,180,20.5
"754","Tremaine Edmunds","ILB",39,5,0,5,4,23,0,77,250,63.5
"755","Trent McDuffie","CB",2,0,0,1,0,1,0,71,195,1.5
"756","Trevis Gipson","OLB",6,1,0,1,0,7,0,76,268,10.5
"757","Trevon Diggs","CB",22,0,0,2,1,4,0,74,207,24
"758","Trevon Moehrig","FS",12,0,0,2,0,7,0,74,202,13.5
"759","Trey Flowers","OLB",1,0,0,2,0,3,0,74,265,0.5
"760","Trey Hendrickson","DE",10,2,0,1,2,6,0,76,270,20
"761","Troy Andersen","ILB",14,1,0,6,0,13,0,75,230,16.5
"762","Troy Dye","ILB",0,0,0,0,0,1,0,76,225,0.5
"763","Troy Hill","CB",10,1,0,1,0,7,0,71,184,14.5
"764","Troy Reeder","ILB",0,0,0,0,0,1,0,75,245,0.5
"765","Trysten Hill","DT",6,3,0,0,0,1,0,75,308,12.5
"766","Tyquan Lewis","DE",7,1,0,2,0,5,0,75,277,9.5
"767","Tyrann Mathieu","FS",27,0,0,8,1,13,0,69,190,27.5
"768","Tyrel Dodson","MLB",7,0,0,1,0,4,0,72,237,8
"769","Tyson Alualu","NT",4,0,0,1,1,4,0,75,304,7
"770","Tyson Campbell","CB",31,2,1,6,1,10,0,74,185,41
"771","Uchenna Nwosu","OLB",18,3,1,6,3,15,0,74,251,36.5
"772","Ugochukwu Amadi","FS",4,0,0,2,0,1,0,69,201,2.5
"773","Verone McKinley","SS",2,0,0,0,0,0,0,71,194,2
"774","Victor Dimukeje","OLB",10,0,0,1,0,2,0,75,265,10
"775","Vinny Curry","DE",5,1,0,2,0,2,0,75,279,6
"776","Vita Vea","NT",7,0,1,1,0,13,0,76,347,17.5
"777","Von Miller","OLB",8,3,0,3,1,1,0,75,250,13.5
"778","Vonn Bell","SS",31,4,1,5,2,6,0,71,205,46
"779","Will Harris","SS",16,2,0,2,0,7,0,73,207,21.5
"780","Will Parks","FS",3,0,0,0,0,0,0,73,194,3
"781","William Bradley-King","DE",1,0,0,0,0,0,0,76,248,1
"782","William Gholston","DE",11,0,0,1,1,12,0,78,281,18
"783","William Jackson","CB",13,1,0,2,2,2,0,72,196,18
"784","Willie Gay","OLB",15,2,0,6,1,13,0,74,235,21.5
"785","Wyatt Ray","DE",1,0,0,0,0,0,0,75,255,1
"786","Xavien Howard","CB",18,0,0,5,1,6,0,73,200,18
"787","Xavier McKinney","FS",24,1,1,3,0,14,0,73,197,35
"788","Xavier Woods","FS",28,0,0,3,0,20,0,71,202,35
"789","Yannick Ngakoue","DE",6,1,0,4,0,5,0,74,246,6.5
"790","Yetur Gross-Matos","OLB",13,3,0,1,0,15,0,77,264,25.5
"791","Za'Darius Smith","OLB",11,3,0,2,1,4,0,76,272,19
"792","Zach Allen","DE",14,5,0,1,2,18,1,76,281,41
"793","Zach Carter","DT",9,1,0,4,0,9,0,76,290,11.5
"794","Zach Cunningham","ILB",14,0,0,3,1,8,0,75,238,17
"795","Zach Sieler","DT",16,0,1,5,3,13,0,78,290,28.5
"796","Zack Baun","OLB",1,0,0,1,0,1,0,75,235,0.5
"797","Zaire Franklin","OLB",55,6,0,12,5,28,0,72,236,79
"798","Zaven Collins","OLB",39,3,1,13,2,24,0,76,260,53
"799","Zech McPhearson","CB",2,0,0,0,0,0,0,71,195,2
"800","Zyon McCollum","CB",8,0,0,4,0,2,0,76,200,5
